{
  "dataset": {
    "train_samples": 500000,
    "test_samples": 100000,
    "num_features": 47
  },
  "model": {
    "algorithm": "XGBoost",
    "n_estimators": 500,
    "max_depth": 8,
    "learning_rate": 0.1,
    "tree_method": "hist",
    "device": "cuda",
    "best_iteration": 499
  },
  "training": {
    "training_time_minutes": 0.11021880308787028
  },
  "metrics": {
    "accuracy": 0.96362,
    "precision": 0.9788869148452671,
    "recall": 0.94768,
    "f1_score": 0.9630307095095827,
    "roc_auc": 0.9942001658
  },
  "top_features": [
    {
      "feature": "path_length",
      "importance": 0.41647934913635254
    },
    {
      "feature": "has_www",
      "importance": 0.14993660151958466
    },
    {
      "feature": "num_slashes",
      "importance": 0.0898566022515297
    },
    {
      "feature": "subdomain_length",
      "importance": 0.03181639686226845
    },
    {
      "feature": "tld_length",
      "importance": 0.03064214624464512
    },
    {
      "feature": "has_brand_keyword",
      "importance": 0.029108311980962753
    },
    {
      "feature": "num_subdomains",
      "importance": 0.022450311109423637
    },
    {
      "feature": "num_question_marks",
      "importance": 0.021778853610157967
    },
    {
      "feature": "path_depth",
      "importance": 0.018977807834744453
    },
    {
      "feature": "has_ip_address",
      "importance": 0.01850072667002678
    },
    {
      "feature": "num_special_chars",
      "importance": 0.013262891210615635
    },
    {
      "feature": "num_hyphens",
      "importance": 0.01020347885787487
    },
    {
      "feature": "num_digits",
      "importance": 0.008575360290706158
    },
    {
      "feature": "num_suspicious_keywords",
      "importance": 0.008447976782917976
    },
    {
      "feature": "num_underscores",
      "importance": 0.007642167154699564
    },
    {
      "feature": "has_login_keyword",
      "importance": 0.007639481220394373
    },
    {
      "feature": "has_security_keyword",
      "importance": 0.007228036876767874
    },
    {
      "feature": "num_equals",
      "importance": 0.007136232685297728
    },
    {
      "feature": "num_dots",
      "importance": 0.006174539681524038
    },
    {
      "feature": "num_at",
      "importance": 0.005933504551649094
    }
  ]
}